Item,ingredients,Ingredients
Egg McMuffin,"ENGLISH MUFFIN WITH 8 g WHOLE GRAIN , EGG, PASTEURIZED PROCESS AMERICAN CHEESE, CANADIAN STYLE BACON, LIQUID MARGARINE","English Muffin With 8 G Whole Grain , Egg, Pasteurized Process American Cheese, Canadian Style Bacon, Liquid Margarine"
Egg White Delight,"ENGLISH MUFFIN WITH 8 g WHOLE GRAIN , EGG WHITES, CANADIAN STYLE BACON, PASTEURIZED PROCESS WHITE CHEDDAR CHEESE, LIQUID MARGARINE","English Muffin With 8 G Whole Grain , Egg Whites, Canadian Style Bacon, Pasteurized Process White Cheddar Cheese, Liquid Margarine"
Sausage McMuffin,"ENGLISH MUFFIN WITH 8 g WHOLE GRAIN , SAUSAGE PATTY, PASTEURIZED PROCESS AMERICAN CHEESE, LIQUID MARGARINE","English Muffin With 8 G Whole Grain , Sausage Patty, Pasteurized Process American Cheese, Liquid Margarine"
Sausage McMuffin with Egg,"ENGLISH MUFFIN WITH 8 g WHOLE GRAIN , SAUSAGE PATTY, EGG, PASTEURIZED PROCESS AMERICAN CHEESE, LIQUID MARGARINE","English Muffin With 8 G Whole Grain , Sausage Patty, Egg, Pasteurized Process American Cheese, Liquid Margarine"
Sausage McMuffin with Egg Whites,"ENGLISH MUFFIN WITH 8 g WHOLE GRAIN , EGG WHITES, SAUSAGE PATTY, PASTEURIZED PROCESS WHITE CHEDDAR CHEESE, LIQUID MARGARINE","English Muffin With 8 G Whole Grain , Egg Whites, Sausage Patty, Pasteurized Process White Cheddar Cheese, Liquid Margarine"
Steak & Egg McMuffin,"ENGLISH MUFFIN WITH 8 g WHOLE GRAIN , BREAKFAST STEAK PATTIE, EGG, PASTEURIZED PROCESS AMERICAN CHEESE, CARAMELIZED GRILLED ONIONS, LIQUID MARGARINE","English Muffin With 8 G Whole Grain , Breakfast Steak Pattie, Egg, Pasteurized Process American Cheese, Caramelized Grilled Onions, Liquid Margarine"
"Bacon, Egg & Cheese Biscuit (Regular Biscuit)","BISCUIT (REGULAR), FOLDED EGG, PASTEURIZED PROCESS AMERICAN CHEESE, THICK CUT APPLEWOOD SMOKED BACON","Biscuit (Regular), Folded Egg, Pasteurized Process American Cheese, Thick Cut Applewood Smoked Bacon"
"Bacon, Egg & Cheese Biscuit (Large Biscuit)","BISCUIT (LARGE), FOLDED EGG, PASTEURIZED PROCESS AMERICAN CHEESE, THICK CUT APPLEWOOD SMOKED BACON","Biscuit (Large), Folded Egg, Pasteurized Process American Cheese, Thick Cut Applewood Smoked Bacon"
"Bacon, Egg & Cheese Biscuit with Egg Whites (Regular Biscuit)","BISCUIT (REGULAR), EGG WHITES, PASTEURIZED PROCESS WHITE CHEDDAR CHEESE, THICK CUT APPLEWOOD SMOKED BACON","Biscuit (Regular), Egg Whites, Pasteurized Process White Cheddar Cheese, Thick Cut Applewood Smoked Bacon"
"Bacon, Egg & Cheese Biscuit with Egg Whites (Large Biscuit)","BISCUIT (LARGE), EGG WHITES, PASTEURIZED PROCESS WHITE CHEDDAR CHEESE, THICK CUT APPLEWOOD SMOKED BACON","Biscuit (Large), Egg Whites, Pasteurized Process White Cheddar Cheese, Thick Cut Applewood Smoked Bacon"
Sausage Biscuit (Regular Biscuit),"BISCUIT (REGULAR), SAUSAGE PATTY","Biscuit (Regular), Sausage Patty"
Sausage Biscuit (Large Biscuit),"BISCUIT (LARGE), SAUSAGE PATTY","Biscuit (Large), Sausage Patty"
Sausage Biscuit with Egg (Regular Biscuit),"BISCUIT (REGULAR), SAUSAGE PATTY, FOLDED EGG","Biscuit (Regular), Sausage Patty, Folded Egg"
Sausage Biscuit with Egg (Large Biscuit),"BISCUIT (LARGE), SAUSAGE PATTY, FOLDED EGG","Biscuit (Large), Sausage Patty, Folded Egg"
Sausage Biscuit with Egg Whites (Regular Biscuit),"BISCUIT (REGULAR), EGG WHITES, SAUSAGE PATTY","Biscuit (Regular), Egg Whites, Sausage Patty"
Sausage Biscuit with Egg Whites (Large Biscuit),"BISCUIT (LARGE), EGG WHITES, SAUSAGE PATTY","Biscuit (Large), Egg Whites, Sausage Patty"
Southern Style Chicken Biscuit (Regular Biscuit),"BISCUIT (REGULAR), SOUTHERN STYLE CRISPY BREAKFAST CHICKEN BREAST FIL","Biscuit (Regular), Southern Style Crispy Breakfast Chicken Breast Fil"
Southern Style Chicken Biscuit (Large Biscuit),"BISCUIT (LARGE), SOUTHERN STYLE CRISPY BREAKFAST CHICKEN BREAST FIL","Biscuit (Large), Southern Style Crispy Breakfast Chicken Breast Fil"
Steak & Egg Biscuit (Regular Biscuit),"BISCUIT (REGULAR), BREAKFAST STEAK PATTIE, FOLDED EGG, PASTEURIZED PROCESS AMERICAN CHEESE, CARAMELIZED GRILLED ONIONS","Biscuit (Regular), Breakfast Steak Pattie, Folded Egg, Pasteurized Process American Cheese, Caramelized Grilled Onions"
"Bacon, Egg & Cheese McGriddles","GRIDDLE CAKES, FOLDED EGG, PASTEURIZED PROCESS AMERICAN CHEESE, THICK CUT APPLEWOOD SMOKED BACON","Griddle Cakes, Folded Egg, Pasteurized Process American Cheese, Thick Cut Applewood Smoked Bacon"
"Bacon, Egg & Cheese McGriddles with Egg Whites","GRIDDLE CAKES, EGG WHITES, PASTEURIZED PROCESS WHITE CHEDDAR CHEESE, THICK CUT APPLEWOOD SMOKED BACON","Griddle Cakes, Egg Whites, Pasteurized Process White Cheddar Cheese, Thick Cut Applewood Smoked Bacon"
Sausage McGriddles,"GRIDDLE CAKES, SAUSAGE PATTY","Griddle Cakes, Sausage Patty"
"Sausage, Egg & Cheese McGriddles","GRIDDLE CAKES, SAUSAGE PATTY, FOLDED EGG, PASTEURIZED PROCESS AMERICAN CHEESE","Griddle Cakes, Sausage Patty, Folded Egg, Pasteurized Process American Cheese"
"Sausage, Egg & Cheese McGriddles with Egg Whites","GRIDDLE CAKES, EGG WHITES, SAUSAGE PATTY, PASTEURIZED PROCESS WHITE CHEDDAR CHEESE","Griddle Cakes, Egg Whites, Sausage Patty, Pasteurized Process White Cheddar Cheese"
"Bacon, Egg & Cheese Bagel","BAGEL, FOLDED EGG, PASTEURIZED PROCESS AMERICAN CHEESE, THICK CUT APPLEWOOD SMOKED BACON, BREAKFAST SAUCE, LIQUID MARGARINE","Bagel, Folded Egg, Pasteurized Process American Cheese, Thick Cut Applewood Smoked Bacon, Breakfast Sauce, Liquid Margarine"
"Bacon, Egg & Cheese Bagel with Egg Whites","BAGEL, EGG WHITES, PASTEURIZED PROCESS WHITE CHEDDAR CHEESE, THICK CUT APPLEWOOD SMOKED BACON, BREAKFAST SAUCE, LIQUID MARGARINE","Bagel, Egg Whites, Pasteurized Process White Cheddar Cheese, Thick Cut Applewood Smoked Bacon, Breakfast Sauce, Liquid Margarine"
"Steak, Egg & Cheese Bagel","BAGEL, BREAKFAST STEAK PATTIE, FOLDED EGG, PASTEURIZED PROCESS AMERICAN CHEESE, CARAMELIZED GRILLED ONIONS, BREAKFAST SAUCE, LIQUID MARGARINE","Bagel, Breakfast Steak Pattie, Folded Egg, Pasteurized Process American Cheese, Caramelized Grilled Onions, Breakfast Sauce, Liquid Margarine"
Big Breakfast (Regular Biscuit),"SCRAMBLED EGGS, SAUSAGE PATTY, HASH BROWNS, BISCUIT (REGULAR)","Scrambled Eggs, Sausage Patty, Hash Browns, Biscuit (Regular)"
Big Breakfast (Large Biscuit),"SCRAMBLED EGGS, SAUSAGE PATTY, HASH BROWNS, BISCUIT (LARGE)","Scrambled Eggs, Sausage Patty, Hash Browns, Biscuit (Large)"
Big Breakfast with Egg Whites (Regular Biscuit),"EGG WHITES, BISCUIT (REGULAR), HASH BROWNS, SAUSAGE PATTY","Egg Whites, Biscuit (Regular), Hash Browns, Sausage Patty"
Big Breakfast with Egg Whites (Large Biscuit),"EGG WHITES, BISCUIT (LARGE), HASH BROWNS, SAUSAGE PATTY","Egg Whites, Biscuit (Large), Hash Browns, Sausage Patty"
Big Breakfast with Hotcakes (Regular Biscuit),"SCRAMBLED EGGS, SAUSAGE PATTY, BISCUIT (REGULAR), HASH BROWNS, HOTCAKES (3)","Scrambled Eggs, Sausage Patty, Biscuit (Regular), Hash Browns, Hotcakes (3)"
Big Breakfast with Hotcakes (Large Biscuit),"SCRAMBLED EGGS, SAUSAGE PATTY, BISCUIT (LARGE), HASH BROWNS, HOTCAKES (3)","Scrambled Eggs, Sausage Patty, Biscuit (Large), Hash Browns, Hotcakes (3)"
Big Breakfast with Hotcakes and Egg Whites (Regular Biscuit),"HOTCAKES (3), EGG WHITES, BISCUIT (REGULAR), HASH BROWNS, SAUSAGE PATTY","Hotcakes (3), Egg Whites, Biscuit (Regular), Hash Browns, Sausage Patty"
Big Breakfast with Hotcakes and Egg Whites (Large Biscuit),"HOTCAKES (3), EGG WHITES, BISCUIT (LARGE), HASH BROWNS, SAUSAGE PATTY","Hotcakes (3), Egg Whites, Biscuit (Large), Hash Browns, Sausage Patty"
Hotcakes,HOTCAKES (3),Hotcakes (3)
Hotcakes and Sausage,"HOTCAKES (3), SAUSAGE PATTY","Hotcakes (3), Sausage Patty"
Sausage Burrito,"FLOUR TORTILLA, SAUSAGE & SCRAMBLED EGG MIX, PASTEURIZED PROCESS AMERICAN CHEESE","Flour Tortilla, Sausage & Scrambled Egg Mix, Pasteurized Process American Cheese"
Hash Brown,"Potatoes, vegetable oil (canola oil, hydrogenated soybean oil, natural beef flavor [wheat and milk derivatives]*, citric acid [preservative]), salt, corn flour, dehydrated potato, dextrose, sodium acid pyrophosphate (maintain color), extractives of black pepper. Prepared in vegetable oil: Canola oil, corn oil, soybean oil, hydrogenated  soybean oil with TBHQ and citric acid added to preserve freshness. Dimethylpolysiloxane added as an antifoaming agent.","Potatoes, Vegetable Oil (Canola Oil, Hydrogenated Soybean Oil, Natural Beef Flavor [Wheat And Milk Derivatives]*, Citric Acid [Preservative]), Salt, Corn Flour, Dehydrated Potato, Dextrose, Sodium Acid Pyrophosphate (Maintain Color), Extractives Of Black Pepper. Prepared In Vegetable Oil: Canola Oil, Corn Oil, Soybean Oil, Hydrogenated  Soybean Oil With Tbhq And Citric Acid Added To Preserve Freshness. Dimethylpolysiloxane Added As An Antifoaming Agent."
Cinnamon Melts,"Enriched flour (bleached wheat flour, malted barley flour, niacin, reduced iron, thiamin mononitrate, riboflavin, folic acid), water, sugar, margarine [palm oil, soybean oil, water, salt, whey, partially hydrogenated soybean oil, mono- and diglycerides, soy lecithin, sodium benzoate (preservative), lactic acid (protect flavor), artificial flavor, beta carotene (color), vitamin A palmitate], brown sugar, shortening (palm oil, soybean oil, mono- and diglycerides, soy lecithin), eggs, cream cheese powder [a dehydrated blend of cream cheese (pasteurized milk and cream, cheese cultures, salt, carob bean gum), nonfat dry milk, disodium phosphate, natural flavor (vegetable source)], cinnamon, nonfat dry milk, yeast, contains 2% or less of the following: salt, soybean oil, natural (plant and dairy source) and artificial flavors, mono- and diglycerides, sodium alginate, sodium stearoyl lactylate, polysorbate 60, titanium dioxide (color), potassium sorbate (preservative), enzymes, pectin.","Enriched Flour (Bleached Wheat Flour, Malted Barley Flour, Niacin, Reduced Iron, Thiamin Mononitrate, Riboflavin, Folic Acid), Water, Sugar, Margarine [Palm Oil, Soybean Oil, Water, Salt, Whey, Partially Hydrogenated Soybean Oil, Mono- And Diglycerides, Soy Lecithin, Sodium Benzoate (Preservative), Lactic Acid (Protect Flavor), Artificial Flavor, Beta Carotene (Color), Vitamin A Palmitate], Brown Sugar, Shortening (Palm Oil, Soybean Oil, Mono- And Diglycerides, Soy Lecithin), Eggs, Cream Cheese Powder [A Dehydrated Blend Of Cream Cheese (Pasteurized Milk And Cream, Cheese Cultures, Salt, Carob Bean Gum), Nonfat Dry Milk, Disodium Phosphate, Natural Flavor (Vegetable Source)], Cinnamon, Nonfat Dry Milk, Yeast, Contains 2% Or Less Of The Following: Salt, Soybean Oil, Natural (Plant And Dairy Source) And Artificial Flavors, Mono- And Diglycerides, Sodium Alginate, Sodium Stearoyl Lactylate, Polysorbate 60, Titanium Dioxide (Color), Potassium Sorbate (Preservative), Enzymes, Pectin."
Fruit & Maple Oatmeal,"OATMEAL, DICED APPLES, CRANBERRY RAISIN BLEND, LIGHT CREAM","Oatmeal, Diced Apples, Cranberry Raisin Blend, Light Cream"
Fruit & Maple Oatmeal without Brown Sugar,"OATMEAL without Brown Sugar, CRANBERRY RAISIN BLEND, DICED APPLES, LIGHT CREAM","Oatmeal Without Brown Sugar, Cranberry Raisin Blend, Diced Apples, Light Cream"
Big Mac,"100% BEEF PATTY, BIG MAC BUN, PASTEURIZED PROCESS AMERICAN CHEESE, BIG MAC SAUCE, SHREDDED LETTUCE, PICKLE SLICES, ONIONS","100% Beef Patty, Big Mac Bun, Pasteurized Process American Cheese, Big Mac Sauce, Shredded Lettuce, Pickle Slices, Onions"
Quarter Pounder with Cheese,"QUARTER POUND 100% BEEF PATTY*, SESAME SEED BUN, PASTEURIZED PROCESS AMERICAN CHEESE, KETCHUP, MUSTARD, PICKLE SLICES, SLIVERED ONIONS","Quarter Pound 100% Beef Patty*, Sesame Seed Bun, Pasteurized Process American Cheese, Ketchup, Mustard, Pickle Slices, Slivered Onions"
Quarter Pounder with Bacon & Cheese,"QUARTER POUND 100% BEEF PATTY*, BAKERY STYLE BUN, THICK CUT APPLEWOOD SMOKED BACON, KETCHUP, PASTEURIZED PROCESS AMERICAN CHEESE, CRINKLE CUT PICKLES, RED ONIONS, MUSTARD","Quarter Pound 100% Beef Patty*, Bakery Style Bun, Thick Cut Applewood Smoked Bacon, Ketchup, Pasteurized Process American Cheese, Crinkle Cut Pickles, Red Onions, Mustard"
Quarter Pounder with Bacon Habanero Ranch,"QUARTER POUND 100% BEEF PATTY*, BAKERY STYLE BUN, TOMATO SLICE, THICK CUT APPLEWOOD SMOKED BACON, PASTEURIZED PROCESS WHITE CHEDDAR CHEESE, HABANERO RANCH SAUCE, LEAF LETTUCE","Quarter Pound 100% Beef Patty*, Bakery Style Bun, Tomato Slice, Thick Cut Applewood Smoked Bacon, Pasteurized Process White Cheddar Cheese, Habanero Ranch Sauce, Leaf Lettuce"
Quarter Pounder Deluxe,"QUARTER POUND 100% BEEF PATTY*, BAKERY STYLE BUN, TOMATO SLICE, MAYONNAISE DRESSING, PASTEURIZED PROCESS AMERICAN CHEESE, CRINKLE CUT PICKLES, RED ONIONS, LEAF LETTUCE, MUSTARD","Quarter Pound 100% Beef Patty*, Bakery Style Bun, Tomato Slice, Mayonnaise Dressing, Pasteurized Process American Cheese, Crinkle Cut Pickles, Red Onions, Leaf Lettuce, Mustard"
Double Quarter Pounder with Cheese,"QUARTER POUND 100% BEEF PATTY*, SESAME SEED BUN, PASTEURIZED PROCESS AMERICAN CHEESE, KETCHUP, MUSTARD, PICKLE SLICES, SLIVERED ONIONS","Quarter Pound 100% Beef Patty*, Sesame Seed Bun, Pasteurized Process American Cheese, Ketchup, Mustard, Pickle Slices, Slivered Onions"
Hamburger,"100% BEEF PATTY, REGULAR BUN, KETCHUP, MUSTARD, PICKLE SLICES, ONIONS","100% Beef Patty, Regular Bun, Ketchup, Mustard, Pickle Slices, Onions"
Cheeseburger,"100% BEEF PATTY, REGULAR BUN, PASTEURIZED PROCESS AMERICAN CHEESE, KETCHUP, MUSTARD, PICKLE SLICES, ONIONS","100% Beef Patty, Regular Bun, Pasteurized Process American Cheese, Ketchup, Mustard, Pickle Slices, Onions"
Double Cheeseburger,"100% BEEF PATTY, REGULAR BUN, PASTEURIZED PROCESS AMERICAN CHEESE, KETCHUP, MUSTARD, PICKLE SLICES, ONIONS","100% Beef Patty, Regular Bun, Pasteurized Process American Cheese, Ketchup, Mustard, Pickle Slices, Onions"
McDouble,"100% BEEF PATTY, REGULAR BUN, PASTEURIZED PROCESS AMERICAN CHEESE, KETCHUP, PICKLE SLICES, ONIONS, MUSTARD","100% Beef Patty, Regular Bun, Pasteurized Process American Cheese, Ketchup, Pickle Slices, Onions, Mustard"
Bacon McDouble,"100% BEEF PATTY, REGULAR BUN, PASTEURIZED PROCESS AMERICAN CHEESE, THICK CUT APPLEWOOD SMOKED BACON, KETCHUP, PICKLE SLICES, ONIONS, MUSTARD","100% Beef Patty, Regular Bun, Pasteurized Process American Cheese, Thick Cut Applewood Smoked Bacon, Ketchup, Pickle Slices, Onions, Mustard"
Daily Double,"100% BEEF PATTY, REGULAR BUN, TOMATO SLICE, PASTEURIZED PROCESS AMERICAN CHEESE, MAYONNAISE DRESSING, SHREDDED LETTUCE, SLIVERED ONIONS","100% Beef Patty, Regular Bun, Tomato Slice, Pasteurized Process American Cheese, Mayonnaise Dressing, Shredded Lettuce, Slivered Onions"
McRib,"MCRIB PORK PATTY, MCRIB BUN, MCRIB SAUCE, PICKLE SLICES, SLIVERED ONIONS","Mcrib Pork Patty, Mcrib Bun, Mcrib Sauce, Pickle Slices, Slivered Onions"
Premium Crispy Chicken Classic Sandwich,"CRISPY CHICKEN FILLET, BAKERY STYLE BUN, TOMATO SLICE, MAYONNAISE DRESSING, LEAF LETTUCE","Crispy Chicken Fillet, Bakery Style Bun, Tomato Slice, Mayonnaise Dressing, Leaf Lettuce"
Premium Grilled Chicken Classic Sandwich,"GRILLED CHICKEN FILLET, BAKERY STYLE BUN, MAYONNAISE DRESSING, LEAF LETTUCE, TOMATO SLICE","Grilled Chicken Fillet, Bakery Style Bun, Mayonnaise Dressing, Leaf Lettuce, Tomato Slice"
Premium Crispy Chicken Club Sandwich,"CRISPY CHICKEN FILLET, BAKERY STYLE BUN, TOMATO SLICE, THICK CUT APPLEWOOD SMOKED BACON, SWISS CHEESE, MAYONNAISE DRESSING, LEAF LETTUCE","Crispy Chicken Fillet, Bakery Style Bun, Tomato Slice, Thick Cut Applewood Smoked Bacon, Swiss Cheese, Mayonnaise Dressing, Leaf Lettuce"
Premium Grilled Chicken Club Sandwich,"BAKERY STYLE BUN, GRILLED CHICKEN FILLET, TOMATO SLICE, THICK CUT APPLEWOOD SMOKED BACON, SWISS CHEESE, MAYONNAISE DRESSING, LEAF LETTUCE","Bakery Style Bun, Grilled Chicken Fillet, Tomato Slice, Thick Cut Applewood Smoked Bacon, Swiss Cheese, Mayonnaise Dressing, Leaf Lettuce"
Premium Crispy Chicken Ranch BLT Sandwich,"CRISPY CHICKEN FILLET, BAKERY STYLE BUN, TOMATO SLICE, THICK CUT APPLEWOOD SMOKED BACON, BUTTERMILK RANCH SAUCE, LEAF LETTUCE","Crispy Chicken Fillet, Bakery Style Bun, Tomato Slice, Thick Cut Applewood Smoked Bacon, Buttermilk Ranch Sauce, Leaf Lettuce"
Premium Grilled Chicken Ranch BLT Sandwich,"GRILLED CHICKEN FILLET, BAKERY STYLE BUN, TOMATO SLICE, THICK CUT APPLEWOOD SMOKED BACON, BUTTERMILK RANCH SAUCE, LEAF LETTUCE","Grilled Chicken Fillet, Bakery Style Bun, Tomato Slice, Thick Cut Applewood Smoked Bacon, Buttermilk Ranch Sauce, Leaf Lettuce"
Southern Style Crispy Chicken Sandwich,"CRISPY CHICKEN FILLET, REGULAR BUN, PICKLE SLICES, LIQUID MARGARINE","Crispy Chicken Fillet, Regular Bun, Pickle Slices, Liquid Margarine"
McChicken,"MCCHICKEN PATTY, REGULAR BUN, MAYONNAISE DRESSING, SHREDDED LETTUCE","Mcchicken Patty, Regular Bun, Mayonnaise Dressing, Shredded Lettuce"
Bacon Cheddar McChicken,"MCCHICKEN PATTY, REGULAR BUN, MAYONNAISE DRESSING, PASTEURIZED PROCESS WHITE CHEDDAR CHEESE, SHREDDED LETTUCE, THICK CUT APPLEWOOD SMOKED BACON","Mcchicken Patty, Regular Bun, Mayonnaise Dressing, Pasteurized Process White Cheddar Cheese, Shredded Lettuce, Thick Cut Applewood Smoked Bacon"
Bacon Buffalo Ranch McChicken,"MCCHICKEN PATTY, REGULAR BUN, SHREDDED LETTUCE, THICK CUT APPLEWOOD SMOKED BACON, SPICY BUFFALO SAUCE, BUTTERMILK RANCH SAUCE","Mcchicken Patty, Regular Bun, Shredded Lettuce, Thick Cut Applewood Smoked Bacon, Spicy Buffalo Sauce, Buttermilk Ranch Sauce"
Buffalo Ranch McChicken,"MCCHICKEN PATTY, REGULAR BUN, SHREDDED LETTUCE, SPICY BUFFALO SAUCE, BUTTERMILK RANCH SAUCE","Mcchicken Patty, Regular Bun, Shredded Lettuce, Spicy Buffalo Sauce, Buttermilk Ranch Sauce"
Premium McWrap Chicken & Bacon (Crispy Chicken),"CRISPY CHICKEN FILLET, FLOUR TORTILLA, TOMATO SLICE, SHREDDED LETTUCE, CILANTRO LIME GLAZE, HABANERO RANCH SAUCE, SHREDDED CHEDDAR/JACK CHEESE, SPRING MIX, CHILI LIME TORTILLA STRIPS","Crispy Chicken Fillet, Flour Tortilla, Tomato Slice, Shredded Lettuce, Cilantro Lime Glaze, Habanero Ranch Sauce, Shredded Cheddar/Jack Cheese, Spring Mix, Chili Lime Tortilla Strips"
Premium McWrap Chicken & Bacon (Grilled Chicken),"GRILLED CHICKEN FILLET, FLOUR TORTILLA, TOMATO SLICE, SHREDDED LETTUCE, CILANTRO LIME GLAZE, HABANERO RANCH SAUCE, SHREDDED CHEDDAR/JACK CHEESE, SPRING MIX, CHILI LIME TORTILLA STRIPS","Grilled Chicken Fillet, Flour Tortilla, Tomato Slice, Shredded Lettuce, Cilantro Lime Glaze, Habanero Ranch Sauce, Shredded Cheddar/Jack Cheese, Spring Mix, Chili Lime Tortilla Strips"
Premium McWrap Chicken & Ranch (Crispy Chicken),"CRISPY CHICKEN FILLET, FLOUR TORTILLA, SHREDDED LETTUCE, TOMATO SLICE, SHREDDED CHEDDAR/JACK CHEESE, SPRING MIX, CREAMY GARLIC SAUCE, THICK CUT APPLEWOOD SMOKED BACON","Crispy Chicken Fillet, Flour Tortilla, Shredded Lettuce, Tomato Slice, Shredded Cheddar/Jack Cheese, Spring Mix, Creamy Garlic Sauce, Thick Cut Applewood Smoked Bacon"
Premium McWrap Chicken & Ranch (Grilled Chicken),"GRILLED CHICKEN FILLET, FLOUR TORTILLA, SHREDDED LETTUCE, TOMATO SLICE, SHREDDED CHEDDAR/JACK CHEESE, SPRING MIX, THICK CUT APPLEWOOD SMOKED BACON, CREAMY GARLIC SAUCE","Grilled Chicken Fillet, Flour Tortilla, Shredded Lettuce, Tomato Slice, Shredded Cheddar/Jack Cheese, Spring Mix, Thick Cut Applewood Smoked Bacon, Creamy Garlic Sauce"
Premium McWrap Southwest Chicken (Crispy Chicken),"CRISPY CHICKEN FILLET, FLOUR TORTILLA, SHREDDED LETTUCE, CUCUMBER, TOMATO SLICE, SHREDDED CHEDDAR/JACK CHEESE, SPRING MIX, BUTTERMILK RANCH SAUCE, SEASONED RICE VINEGAR","Crispy Chicken Fillet, Flour Tortilla, Shredded Lettuce, Cucumber, Tomato Slice, Shredded Cheddar/Jack Cheese, Spring Mix, Buttermilk Ranch Sauce, Seasoned Rice Vinegar"
Premium McWrap Southwest Chicken (Grilled Chicken),"GRILLED CHICKEN FILLET, FLOUR TORTILLA, SHREDDED LETTUCE, CUCUMBER, TOMATO SLICE, SHREDDED CHEDDAR/JACK CHEESE, SPRING MIX, BUTTERMILK RANCH SAUCE, SEASONED RICE VINEGAR","Grilled Chicken Fillet, Flour Tortilla, Shredded Lettuce, Cucumber, Tomato Slice, Shredded Cheddar/Jack Cheese, Spring Mix, Buttermilk Ranch Sauce, Seasoned Rice Vinegar"
Premium McWrap Chicken Sweet Chili (Crispy Chicken),"CRISPY CHICKEN FILLET, FLOUR TORTILLA, SHREDDED LETTUCE, CUCUMBER, SWEET CHILI SAUCE, SPRING MIX, CREAMY GARLIC SAUCE","Crispy Chicken Fillet, Flour Tortilla, Shredded Lettuce, Cucumber, Sweet Chili Sauce, Spring Mix, Creamy Garlic Sauce"
Premium McWrap Chicken Sweet Chili (Grilled Chicken),"GRILLED CHICKEN FILLET, FLOUR TORTILLA, SHREDDED LETTUCE, CUCUMBER, SWEET CHILI SAUCE, SPRING MIX, CREAMY GARLIC SAUCE","Grilled Chicken Fillet, Flour Tortilla, Shredded Lettuce, Cucumber, Sweet Chili Sauce, Spring Mix, Creamy Garlic Sauce"
Chicken McNuggets (4 piece),CHICKEN MCNUGGETS (4 piece),Chicken Mcnuggets (4 Piece)
Chicken McNuggets (6 piece),CHICKEN MCNUGGETS (6 piece),Chicken Mcnuggets (6 Piece)
Chicken McNuggets (10 piece),CHICKEN MCNUGGETS (10 piece),Chicken Mcnuggets (10 Piece)
Chicken McNuggets (20 piece),CHICKEN MCNUGGETS (20 piece),Chicken Mcnuggets (20 Piece)
Chicken McNuggets (40 piece),CHICKEN MCNUGGETS (40 piece),Chicken Mcnuggets (40 Piece)
Filet-O-Fish,"FISH FILET PATTY, REGULAR BUN, TARTAR SAUCE, PASTEURIZED PROCESS AMERICAN CHEESE","Fish Filet Patty, Regular Bun, Tartar Sauce, Pasteurized Process American Cheese"
Premium Bacon Ranch Salad (without Chicken),"SALAD MIX, GRAPE TOMATOES, SHREDDED CHEDDAR/JACK CHEESE, BACON BITS","Salad Mix, Grape Tomatoes, Shredded Cheddar/Jack Cheese, Bacon Bits"
Premium Bacon Ranch Salad with Crispy Chicken,"CRISPY CHICKEN FILLET, SALAD MIX, GRAPE TOMATOES, SHREDDED CHEDDAR/JACK CHEESE, BACON BITS","Crispy Chicken Fillet, Salad Mix, Grape Tomatoes, Shredded Cheddar/Jack Cheese, Bacon Bits"
Premium Bacon Ranch Salad with Grilled Chicken,"GRILLED CHICKEN FILLET, SALAD MIX, GRAPE TOMATOES, SHREDDED CHEDDAR/JACK CHEESE, BACON BITS","Grilled Chicken Fillet, Salad Mix, Grape Tomatoes, Shredded Cheddar/Jack Cheese, Bacon Bits"
Premium Southwest Salad (without Chicken),"SALAD MIX, SOUTHWEST VEGETABLE BLEND, SHREDDED CHEDDAR/JACK CHEESE, CHILI LIME TORTILLA STRIPS, LIME","Salad Mix, Southwest Vegetable Blend, Shredded Cheddar/Jack Cheese, Chili Lime Tortilla Strips, Lime"
Premium Southwest Salad with Crispy Chicken,"CRISPY CHICKEN FILLET, SALAD MIX, SOUTHWEST VEGETABLE BLEND, CILANTRO LIME GLAZE, SHREDDED CHEDDAR/JACK CHEESE, CHILI LIME TORTILLA STRIPS, LIME","Crispy Chicken Fillet, Salad Mix, Southwest Vegetable Blend, Cilantro Lime Glaze, Shredded Cheddar/Jack Cheese, Chili Lime Tortilla Strips, Lime"
Premium Southwest Salad with Grilled Chicken,"GRILLED CHICKEN FILLET, SALAD MIX, SOUTHWEST VEGETABLE BLEND, SHREDDED CHEDDAR/JACK CHEESE, CILANTRO LIME GLAZE, CHILI LIME TORTILLA STRIPS, LIME","Grilled Chicken Fillet, Salad Mix, Southwest Vegetable Blend, Shredded Cheddar/Jack Cheese, Cilantro Lime Glaze, Chili Lime Tortilla Strips, Lime"
Chipotle BBQ Snack Wrap (Crispy Chicken),"FLOUR TORTILLA, CRISPY CHICKEN FILLET, SHREDDED CHEDDAR/JACK CHEESE, SHREDDED LETTUCE, CHIPOTLE BBQ SAUCE","Flour Tortilla, Crispy Chicken Fillet, Shredded Cheddar/Jack Cheese, Shredded Lettuce, Chipotle Bbq Sauce"
Chipotle BBQ Snack Wrap (Grilled Chicken),"FLOUR TORTILLA, GRILLED CHICKEN FILLET, SHREDDED CHEDDAR/JACK CHEESE, SHREDDED LETTUCE, CHIPOTLE BBQ SAUCE","Flour Tortilla, Grilled Chicken Fillet, Shredded Cheddar/Jack Cheese, Shredded Lettuce, Chipotle Bbq Sauce"
Honey Mustard Snack Wrap (Crispy Chicken),"CRISPY CHICKEN FILLET, FLOUR TORTILLA, SHREDDED CHEDDAR/JACK CHEESE, SHREDDED LETTUCE, TANGY HONEY MUSTARD SAUCE","Crispy Chicken Fillet, Flour Tortilla, Shredded Cheddar/Jack Cheese, Shredded Lettuce, Tangy Honey Mustard Sauce"
Honey Mustard Snack Wrap (Grilled Chicken),"GRILLED CHICKEN FILLET, FLOUR TORTILLA, SHREDDED CHEDDAR/JACK CHEESE, SHREDDED LETTUCE, TANGY HONEY MUSTARD SAUCE","Grilled Chicken Fillet, Flour Tortilla, Shredded Cheddar/Jack Cheese, Shredded Lettuce, Tangy Honey Mustard Sauce"
Ranch Snack Wrap (Crispy Chicken),"CRISPY CHICKEN FILLET, FLOUR TORTILLA, SHREDDED CHEDDAR/JACK CHEESE, BUTTERMILK RANCH SAUCE, SHREDDED LETTUCE","Crispy Chicken Fillet, Flour Tortilla, Shredded Cheddar/Jack Cheese, Buttermilk Ranch Sauce, Shredded Lettuce"
Ranch Snack Wrap (Grilled Chicken),"GRILLED CHICKEN FILLET, FLOUR TORTILLA, SHREDDED CHEDDAR/JACK CHEESE, SHREDDED LETTUCE, BUTTERMILK RANCH SAUCE","Grilled Chicken Fillet, Flour Tortilla, Shredded Cheddar/Jack Cheese, Shredded Lettuce, Buttermilk Ranch Sauce"
Small French Fries,"Potatoes, Vegetable Oil (Canola Oil, Soybean Oil, Hydrogenated Soybean Oil, Natural Beef Flavor [Wheat and Milk Derivatives]*, Citric Acid, [Preservative]), Dextrose, Sodium Acid Pyrophosphate (Maintain Color), Salt. Prepared in Vegetable Oil (Canola Oil, Corn Oil, Soybean Oil, Hydrogenated Soybean Oil with TBHQ and Citric Acid added to preserve freshness), Dimethylpolysiloxane added as an antifoaming agent.","Potatoes, Vegetable Oil (Canola Oil, Soybean Oil, Hydrogenated Soybean Oil, Natural Beef Flavor [Wheat And Milk Derivatives]*, Citric Acid, [Preservative]), Dextrose, Sodium Acid Pyrophosphate (Maintain Color), Salt. Prepared In Vegetable Oil (Canola Oil, Corn Oil, Soybean Oil, Hydrogenated Soybean Oil With Tbhq And Citric Acid Added To Preserve Freshness), Dimethylpolysiloxane Added As An Antifoaming Agent."
Medium French Fries,"Potatoes, Vegetable Oil (Canola Oil, Soybean Oil, Hydrogenated Soybean Oil, Natural Beef Flavor [Wheat and Milk Derivatives]*, Citric Acid, [Preservative]), Dextrose, Sodium Acid Pyrophosphate (Maintain Color), Salt. Prepared in Vegetable Oil (Canola Oil, Corn Oil, Soybean Oil, Hydrogenated Soybean Oil with TBHQ and Citric Acid added to preserve freshness), Dimethylpolysiloxane added as an antifoaming agent.","Potatoes, Vegetable Oil (Canola Oil, Soybean Oil, Hydrogenated Soybean Oil, Natural Beef Flavor [Wheat And Milk Derivatives]*, Citric Acid, [Preservative]), Dextrose, Sodium Acid Pyrophosphate (Maintain Color), Salt. Prepared In Vegetable Oil (Canola Oil, Corn Oil, Soybean Oil, Hydrogenated Soybean Oil With Tbhq And Citric Acid Added To Preserve Freshness), Dimethylpolysiloxane Added As An Antifoaming Agent."
Large French Fries,"Potatoes, Vegetable Oil (Canola Oil, Soybean Oil, Hydrogenated Soybean Oil, Natural Beef Flavor [Wheat and Milk Derivatives]*, Citric Acid, [Preservative]), Dextrose, Sodium Acid Pyrophosphate (Maintain Color), Salt. Prepared in Vegetable Oil (Canola Oil, Corn Oil, Soybean Oil, Hydrogenated Soybean Oil with TBHQ and Citric Acid added to preserve freshness), Dimethylpolysiloxane added as an antifoaming agent.","Potatoes, Vegetable Oil (Canola Oil, Soybean Oil, Hydrogenated Soybean Oil, Natural Beef Flavor [Wheat And Milk Derivatives]*, Citric Acid, [Preservative]), Dextrose, Sodium Acid Pyrophosphate (Maintain Color), Salt. Prepared In Vegetable Oil (Canola Oil, Corn Oil, Soybean Oil, Hydrogenated Soybean Oil With Tbhq And Citric Acid Added To Preserve Freshness), Dimethylpolysiloxane Added As An Antifoaming Agent."
Kids French Fries,"Potatoes, Vegetable Oil (Canola Oil, Soybean Oil, Hydrogenated Soybean Oil, Natural Beef Flavor [Wheat and Milk Derivatives]*, Citric Acid, [Preservative]), Dextrose, Sodium Acid Pyrophosphate (Maintain Color), Salt. Prepared in Vegetable Oil (Canola Oil, Corn Oil, Soybean Oil, Hydrogenated Soybean Oil with TBHQ and Citric Acid added to preserve freshness), Dimethylpolysiloxane added as an antifoaming agent.","Potatoes, Vegetable Oil (Canola Oil, Soybean Oil, Hydrogenated Soybean Oil, Natural Beef Flavor [Wheat And Milk Derivatives]*, Citric Acid, [Preservative]), Dextrose, Sodium Acid Pyrophosphate (Maintain Color), Salt. Prepared In Vegetable Oil (Canola Oil, Corn Oil, Soybean Oil, Hydrogenated Soybean Oil With Tbhq And Citric Acid Added To Preserve Freshness), Dimethylpolysiloxane Added As An Antifoaming Agent."
Side Salad,SIDE SALAD,Side Salad
Apple Slices,"Apples, Calcium Ascorbate (a blend of Calcium and Vitamin C to maintain freshness and color).","Apples, Calcium Ascorbate (A Blend Of Calcium And Vitamin C To Maintain Freshness And Color)."
Fruit 'n Yogurt Parfait,"LOWFAT YOGURT (for Parfaits), STRAWBERRIES, BLUEBERRIES (for Parfait), LOW FAT CRUNCHY GRANOLA","Lowfat Yogurt (For Parfaits), Strawberries, Blueberries (For Parfait), Low Fat Crunchy Granola"
Baked Apple Pie,"Apples, enriched flour (bleached wheat flour, malted barley flour, niacin, reduced iron, thiamin mononitrate, riboflavin, folic acid), water, shortening [palm oil, soy lecithin, artificial flavor, beta carotene (color)], sugar, high fructose corn syrup, contains 2% or less of the following: food starch-modified, sorbitol, dextrose, brown  sugar, sodium alginate, sodium citrate, sodium phosphate, dicalcium phosphate, yeast, salt, dehydrated apple powder, natural (plant source) and artificial flavors, nutmeg, preservatives (may contain one of more of the following: ascorbic acid, citric acid, erythorbic acid), enzymes, hydroxylated soy lecithin, L-cysteine (dough conditioner), annatto and turmeric (color), caramel color. Topping: [cinnamon sugar (sugar, cinnamon)].","Apples, Enriched Flour (Bleached Wheat Flour, Malted Barley Flour, Niacin, Reduced Iron, Thiamin Mononitrate, Riboflavin, Folic Acid), Water, Shortening [Palm Oil, Soy Lecithin, Artificial Flavor, Beta Carotene (Color)], Sugar, High Fructose Corn Syrup, Contains 2% Or Less Of The Following: Food Starch-Modified, Sorbitol, Dextrose, Brown  Sugar, Sodium Alginate, Sodium Citrate, Sodium Phosphate, Dicalcium Phosphate, Yeast, Salt, Dehydrated Apple Powder, Natural (Plant Source) And Artificial Flavors, Nutmeg, Preservatives (May Contain One Of More Of The Following: Ascorbic Acid, Citric Acid, Erythorbic Acid), Enzymes, Hydroxylated Soy Lecithin, L-Cysteine (Dough Conditioner), Annatto And Turmeric (Color), Caramel Color. Topping: [Cinnamon Sugar (Sugar, Cinnamon)]."
Chocolate Chip Cookie,"Semi-sweet chocolate chips [sugar, chocolate liquor, cocoa butter, milkfat, soy lecithin (emulsifier), artificial flavor, vanilla], enriched flour (bleached wheat flour, malted barley flour, niacin, iron, thiamin mononitrate, riboflavin, folic acid), margarine [palm oil, water, soybean oil, salt, natural flavor, whey, mono- and diglycerides, sodium benzoate (preservative), soy lecithin, beta carotene (color), natural flavor (dairy source), artificial flavor, vitamin A palmitate], sugar, brown sugar, eggs, artificial flavor (vanillin, ethyl vanillin), caramel color, leavening (baking soda, sodium acid pyrophosphate, corn starch, monocalcium phosphate), salt.","Semi-Sweet Chocolate Chips [Sugar, Chocolate Liquor, Cocoa Butter, Milkfat, Soy Lecithin (Emulsifier), Artificial Flavor, Vanilla], Enriched Flour (Bleached Wheat Flour, Malted Barley Flour, Niacin, Iron, Thiamin Mononitrate, Riboflavin, Folic Acid), Margarine [Palm Oil, Water, Soybean Oil, Salt, Natural Flavor, Whey, Mono- And Diglycerides, Sodium Benzoate (Preservative), Soy Lecithin, Beta Carotene (Color), Natural Flavor (Dairy Source), Artificial Flavor, Vitamin A Palmitate], Sugar, Brown Sugar, Eggs, Artificial Flavor (Vanillin, Ethyl Vanillin), Caramel Color, Leavening (Baking Soda, Sodium Acid Pyrophosphate, Corn Starch, Monocalcium Phosphate), Salt."
Oatmeal Raisin Cookie,"Enriched Flour (Bleached Wheat Flour, Malted Barley Flour, Niacin, Iron, Thiamin Mononitrate, Riboflavin, Folic Acid), Sugar, Margarine (Palm Oil, Water, Soybean Oil, Salt, Whey, Mono and Diglycerides, Soy Lecithin, Sodium Benzoate [Preservative], Beta Carotene [Color], Natural [Dairy Source] and/or Artificial Flavors, Vitamin A Palmitate), Rolled Oats, Brown Sugar, Raisins, Eggs, Corn Flakes (Milled Corn, Sugar, Malt Flavoring, Salt, Reduced Iron, Riboflavin [Vitamin B2], Thiamin  Hydrochloride [Vitamin B1], Calcium Pantothenate, Pyridoxine Hydrochloride [Vitamin B6], Folic Acid), Sweetened Coconut (Desiccated Coconut, Sugar, Water, Propylene Glycol, Sodium Metabisulfite Added to Preserve Color [Contains Sulfites]), Leavening (Baking Soda, Sodium Acid Pyrophosphate, Corn Starch, Monocalcium Phosphate), Artificial Flavor (Vanillin), Caramel Color, Salt.","Enriched Flour (Bleached Wheat Flour, Malted Barley Flour, Niacin, Iron, Thiamin Mononitrate, Riboflavin, Folic Acid), Sugar, Margarine (Palm Oil, Water, Soybean Oil, Salt, Whey, Mono And Diglycerides, Soy Lecithin, Sodium Benzoate [Preservative], Beta Carotene [Color], Natural [Dairy Source] And/Or Artificial Flavors, Vitamin A Palmitate), Rolled Oats, Brown Sugar, Raisins, Eggs, Corn Flakes (Milled Corn, Sugar, Malt Flavoring, Salt, Reduced Iron, Riboflavin [Vitamin B2], Thiamin  Hydrochloride [Vitamin B1], Calcium Pantothenate, Pyridoxine Hydrochloride [Vitamin B6], Folic Acid), Sweetened Coconut (Desiccated Coconut, Sugar, Water, Propylene Glycol, Sodium Metabisulfite Added To Preserve Color [Contains Sulfites]), Leavening (Baking Soda, Sodium Acid Pyrophosphate, Corn Starch, Monocalcium Phosphate), Artificial Flavor (Vanillin), Caramel Color, Salt."
Kids Ice Cream Cone,"VANILLA REDUCED FAT ICE CREAM, ICE CREAM CONE","Vanilla Reduced Fat Ice Cream, Ice Cream Cone"
Hot Fudge Sundae,"VANILLA REDUCED FAT ICE CREAM, HOT FUDGE TOPPING","Vanilla Reduced Fat Ice Cream, Hot Fudge Topping"
Hot Caramel Sundae,"VANILLA REDUCED FAT ICE CREAM, HOT CARAMEL TOPPING","Vanilla Reduced Fat Ice Cream, Hot Caramel Topping"
Strawberry Sundae,"VANILLA REDUCED FAT ICE CREAM, STRAWBERRY TOPPING","Vanilla Reduced Fat Ice Cream, Strawberry Topping"
Coca-Cola Classic (Small),"Carbonated water, high fructose corn syrup, caramel color, phosphoric acid, natural flavors (vegetable source), caffeine.","Carbonated Water, High Fructose Corn Syrup, Caramel Color, Phosphoric Acid, Natural Flavors (Vegetable Source), Caffeine."
Coca-Cola Classic (Medium),"Carbonated water, high fructose corn syrup, caramel color, phosphoric acid, natural flavors (vegetable source), caffeine.","Carbonated Water, High Fructose Corn Syrup, Caramel Color, Phosphoric Acid, Natural Flavors (Vegetable Source), Caffeine."
Coca-Cola Classic (Large),"Carbonated water, high fructose corn syrup, caramel color, phosphoric acid, natural flavors (vegetable source), caffeine.","Carbonated Water, High Fructose Corn Syrup, Caramel Color, Phosphoric Acid, Natural Flavors (Vegetable Source), Caffeine."
Coca-Cola Classic (Child),"Carbonated water, high fructose corn syrup, caramel color, phosphoric acid, natural flavors (vegetable source), caffeine.","Carbonated Water, High Fructose Corn Syrup, Caramel Color, Phosphoric Acid, Natural Flavors (Vegetable Source), Caffeine."
Diet Coke (Small),"Carbonated water, caramel color, phosphoric acid, sodium saccharin, natural flavors (vegetable source), citric acid, potassium citrate, potassium benzoate (to protect taste), caffeine, aspartame, dimethylpolysiloxane (antifoaming agent). PHENYLKETONURICS: ASPARTAME CONTAINS PHENYLALANINE","Carbonated Water, Caramel Color, Phosphoric Acid, Sodium Saccharin, Natural Flavors (Vegetable Source), Citric Acid, Potassium Citrate, Potassium Benzoate (To Protect Taste), Caffeine, Aspartame, Dimethylpolysiloxane (Antifoaming Agent). Phenylketonurics: Aspartame Contains Phenylalanine"
Diet Coke (Medium),"Carbonated water, caramel color, phosphoric acid, sodium saccharin, natural flavors (vegetable source), citric acid, potassium citrate, potassium benzoate (to protect taste), caffeine, aspartame, dimethylpolysiloxane (antifoaming agent). PHENYLKETONURICS: ASPARTAME CONTAINS PHENYLALANINE","Carbonated Water, Caramel Color, Phosphoric Acid, Sodium Saccharin, Natural Flavors (Vegetable Source), Citric Acid, Potassium Citrate, Potassium Benzoate (To Protect Taste), Caffeine, Aspartame, Dimethylpolysiloxane (Antifoaming Agent). Phenylketonurics: Aspartame Contains Phenylalanine"
Diet Coke (Large),"Carbonated water, caramel color, phosphoric acid, sodium saccharin, natural flavors (vegetable source), citric acid, potassium citrate, potassium benzoate (to protect taste), caffeine, aspartame, dimethylpolysiloxane (antifoaming agent). PHENYLKETONURICS: ASPARTAME CONTAINS PHENYLALANINE","Carbonated Water, Caramel Color, Phosphoric Acid, Sodium Saccharin, Natural Flavors (Vegetable Source), Citric Acid, Potassium Citrate, Potassium Benzoate (To Protect Taste), Caffeine, Aspartame, Dimethylpolysiloxane (Antifoaming Agent). Phenylketonurics: Aspartame Contains Phenylalanine"
Diet Coke (Child),"Carbonated water, caramel color, phosphoric acid, sodium saccharin, natural flavors (vegetable source), citric acid, potassium citrate, potassium benzoate (to protect taste), caffeine, aspartame, dimethylpolysiloxane (antifoaming agent). PHENYLKETONURICS: ASPARTAME CONTAINS PHENYLALANINE","Carbonated Water, Caramel Color, Phosphoric Acid, Sodium Saccharin, Natural Flavors (Vegetable Source), Citric Acid, Potassium Citrate, Potassium Benzoate (To Protect Taste), Caffeine, Aspartame, Dimethylpolysiloxane (Antifoaming Agent). Phenylketonurics: Aspartame Contains Phenylalanine"
Dr Pepper (Small),"Carbonated water, high fructose corn syrup, caramel color, phosphoric acid, caffeine, sodium benzoate (preservative), natural (vegetable source) and artificial flavors, dimethylpolysiloxane (antifoaming agent).","Carbonated Water, High Fructose Corn Syrup, Caramel Color, Phosphoric Acid, Caffeine, Sodium Benzoate (Preservative), Natural (Vegetable Source) And Artificial Flavors, Dimethylpolysiloxane (Antifoaming Agent)."
Dr Pepper (Medium),"Carbonated water, high fructose corn syrup, caramel color, phosphoric acid, caffeine, sodium benzoate (preservative), natural (vegetable source) and artificial flavors, dimethylpolysiloxane (antifoaming agent).","Carbonated Water, High Fructose Corn Syrup, Caramel Color, Phosphoric Acid, Caffeine, Sodium Benzoate (Preservative), Natural (Vegetable Source) And Artificial Flavors, Dimethylpolysiloxane (Antifoaming Agent)."
Dr Pepper (Large),"Carbonated water, high fructose corn syrup, caramel color, phosphoric acid, caffeine, sodium benzoate (preservative), natural (vegetable source) and artificial flavors, dimethylpolysiloxane (antifoaming agent).","Carbonated Water, High Fructose Corn Syrup, Caramel Color, Phosphoric Acid, Caffeine, Sodium Benzoate (Preservative), Natural (Vegetable Source) And Artificial Flavors, Dimethylpolysiloxane (Antifoaming Agent)."
Dr Pepper (Child),"Carbonated water, high fructose corn syrup, caramel color, phosphoric acid, caffeine, sodium benzoate (preservative), natural (vegetable source) and artificial flavors, dimethylpolysiloxane (antifoaming agent).","Carbonated Water, High Fructose Corn Syrup, Caramel Color, Phosphoric Acid, Caffeine, Sodium Benzoate (Preservative), Natural (Vegetable Source) And Artificial Flavors, Dimethylpolysiloxane (Antifoaming Agent)."
Diet Dr Pepper (Small),"Carbonated water, caramel color, phosphoric acid, aspartame, sodium citrate, sodium benzoate (preservative), caffeine, acesulfame potassium, sucralose, natural (vegetable source) and artificial flavors, dimethylpolysiloxane (antifoaming agent). PHENYLKETONURICS: ASPARTAME CONTAINS PHENYLALANINE","Carbonated Water, Caramel Color, Phosphoric Acid, Aspartame, Sodium Citrate, Sodium Benzoate (Preservative), Caffeine, Acesulfame Potassium, Sucralose, Natural (Vegetable Source) And Artificial Flavors, Dimethylpolysiloxane (Antifoaming Agent). Phenylketonurics: Aspartame Contains Phenylalanine"
Diet Dr Pepper (Medium),"Carbonated water, caramel color, phosphoric acid, aspartame, sodium citrate, sodium benzoate (preservative), caffeine, acesulfame potassium, sucralose, natural (vegetable source) and artificial flavors, dimethylpolysiloxane (antifoaming agent). PHENYLKETONURICS: ASPARTAME CONTAINS PHENYLALANINE","Carbonated Water, Caramel Color, Phosphoric Acid, Aspartame, Sodium Citrate, Sodium Benzoate (Preservative), Caffeine, Acesulfame Potassium, Sucralose, Natural (Vegetable Source) And Artificial Flavors, Dimethylpolysiloxane (Antifoaming Agent). Phenylketonurics: Aspartame Contains Phenylalanine"
Diet Dr Pepper (Large),"Carbonated water, caramel color, phosphoric acid, aspartame, sodium citrate, sodium benzoate (preservative), caffeine, acesulfame potassium, sucralose, natural (vegetable source) and artificial flavors, dimethylpolysiloxane (antifoaming agent). PHENYLKETONURICS: ASPARTAME CONTAINS PHENYLALANINE","Carbonated Water, Caramel Color, Phosphoric Acid, Aspartame, Sodium Citrate, Sodium Benzoate (Preservative), Caffeine, Acesulfame Potassium, Sucralose, Natural (Vegetable Source) And Artificial Flavors, Dimethylpolysiloxane (Antifoaming Agent). Phenylketonurics: Aspartame Contains Phenylalanine"
Diet Dr Pepper (Child),"Carbonated water, caramel color, phosphoric acid, aspartame, sodium citrate, sodium benzoate (preservative), caffeine, acesulfame potassium, sucralose, natural (vegetable source) and artificial flavors, dimethylpolysiloxane (antifoaming agent). PHENYLKETONURICS: ASPARTAME CONTAINS PHENYLALANINE","Carbonated Water, Caramel Color, Phosphoric Acid, Aspartame, Sodium Citrate, Sodium Benzoate (Preservative), Caffeine, Acesulfame Potassium, Sucralose, Natural (Vegetable Source) And Artificial Flavors, Dimethylpolysiloxane (Antifoaming Agent). Phenylketonurics: Aspartame Contains Phenylalanine"
Sprite (Small),"Carbonated water, high fructose corn syrup, citric acid, natural flavors (vegetable source), sodium citrate, sodium benzoate (to protect taste), dimethylpolysiloxane (antifoaming agent).","Carbonated Water, High Fructose Corn Syrup, Citric Acid, Natural Flavors (Vegetable Source), Sodium Citrate, Sodium Benzoate (To Protect Taste), Dimethylpolysiloxane (Antifoaming Agent)."
Sprite (Medium),"Carbonated water, high fructose corn syrup, citric acid, natural flavors (vegetable source), sodium citrate, sodium benzoate (to protect taste), dimethylpolysiloxane (antifoaming agent).","Carbonated Water, High Fructose Corn Syrup, Citric Acid, Natural Flavors (Vegetable Source), Sodium Citrate, Sodium Benzoate (To Protect Taste), Dimethylpolysiloxane (Antifoaming Agent)."
Sprite (Large),"Carbonated water, high fructose corn syrup, citric acid, natural flavors (vegetable source), sodium citrate, sodium benzoate (to protect taste), dimethylpolysiloxane (antifoaming agent).","Carbonated Water, High Fructose Corn Syrup, Citric Acid, Natural Flavors (Vegetable Source), Sodium Citrate, Sodium Benzoate (To Protect Taste), Dimethylpolysiloxane (Antifoaming Agent)."
Sprite (Child),"Carbonated water, high fructose corn syrup, citric acid, natural flavors (vegetable source), sodium citrate, sodium benzoate (to protect taste), dimethylpolysiloxane (antifoaming agent).","Carbonated Water, High Fructose Corn Syrup, Citric Acid, Natural Flavors (Vegetable Source), Sodium Citrate, Sodium Benzoate (To Protect Taste), Dimethylpolysiloxane (Antifoaming Agent)."
1% Low Fat Milk Jug,"Low fat milk, vitamin A palmitate, vitamin D3. Contains 25% of the Daily Value of vitamin D.","Low Fat Milk, Vitamin A Palmitate, Vitamin D3. Contains 25% Of The Daily Value Of Vitamin D."
Fat Free Chocolate Milk Jug,"Nonfat milk, sugar, fructose, cocoa, cocoa (processed with alkali), natural flavor, salt, carrageenan, vitamin A palmitate, vitamin D3.","Nonfat Milk, Sugar, Fructose, Cocoa, Cocoa (Processed With Alkali), Natural Flavor, Salt, Carrageenan, Vitamin A Palmitate, Vitamin D3."
Minute Maid 100% Apple Juice Box,"Filtered water, concentrated apple juice, less than 0.5% of: calcium citrate, ascorbic acid (vitamin C).","Filtered Water, Concentrated Apple Juice, Less Than 0.5% Of: Calcium Citrate, Ascorbic Acid (Vitamin C)."
Minute Maid Orange Juice (Small),"Filtered water, orange juice concentrate.","Filtered Water, Orange Juice Concentrate."
Minute Maid Orange Juice (Medium),"Filtered water, orange juice concentrate.","Filtered Water, Orange Juice Concentrate."
Minute Maid Orange Juice (Large),"Filtered water, orange juice concentrate.","Filtered Water, Orange Juice Concentrate."
Dasani Water Bottle,"Purified water, magnesium sulfate, potassium chloride, salt.*","Purified Water, Magnesium Sulfate, Potassium Chloride, Salt.*"
Iced Tea (Small),ICED TEA (Small),Iced Tea (Small)
Iced Tea (Medium),ICED TEA (Medium),Iced Tea (Medium)
Iced Tea (Large),ICED TEA (Large),Iced Tea (Large)
Iced Tea (Child),ICED TEA (Child),Iced Tea (Child)
Sweet Tea (Small),"Water, sugar, orange pekoe and pekoe cut black tea.","Water, Sugar, Orange Pekoe And Pekoe Cut Black Tea."
Sweet Tea (Medium),"Water, sugar, orange pekoe and pekoe cut black tea.","Water, Sugar, Orange Pekoe And Pekoe Cut Black Tea."
Sweet Tea (Large),"Water, sugar, orange pekoe and pekoe cut black tea.","Water, Sugar, Orange Pekoe And Pekoe Cut Black Tea."
Sweet Tea (Child),"Water, sugar, orange pekoe and pekoe cut black tea.","Water, Sugar, Orange Pekoe And Pekoe Cut Black Tea."
Coffee (Small),COFFEE (Small),Coffee (Small)
Coffee (Medium),COFFEE (Medium),Coffee (Medium)
Coffee (Large),COFFEE (Large),Coffee (Large)
Latte (Small),"WHOLE MILK, ESPRESSO","Whole Milk, Espresso"
Latte (Medium),"WHOLE MILK, ESPRESSO","Whole Milk, Espresso"
Latte (Large),"WHOLE MILK, ESPRESSO","Whole Milk, Espresso"
Caramel Latte (Small),"WHOLE MILK, ESPRESSO, CARAMEL SYRUP","Whole Milk, Espresso, Caramel Syrup"
Caramel Latte (Medium),"WHOLE MILK, ESPRESSO, CARAMEL SYRUP","Whole Milk, Espresso, Caramel Syrup"
Caramel Latte (Large),"WHOLE MILK, ESPRESSO, CARAMEL SYRUP","Whole Milk, Espresso, Caramel Syrup"
Hazelnut Latte (Small),"WHOLE MILK, ESPRESSO, HAZELNUT SYRUP","Whole Milk, Espresso, Hazelnut Syrup"
Hazelnut Latte (Medium),"WHOLE MILK, ESPRESSO, HAZELNUT SYRUP","Whole Milk, Espresso, Hazelnut Syrup"
Hazelnut Latte (Large),"WHOLE MILK, ESPRESSO, HAZELNUT SYRUP","Whole Milk, Espresso, Hazelnut Syrup"
French Vanilla Latte (Small),"WHOLE MILK, ESPRESSO, FRENCH VANILLA SYRUP","Whole Milk, Espresso, French Vanilla Syrup"
French Vanilla Latte (Medium),"WHOLE MILK, ESPRESSO, FRENCH VANILLA SYRUP","Whole Milk, Espresso, French Vanilla Syrup"
French Vanilla Latte (Large),"WHOLE MILK, ESPRESSO, FRENCH VANILLA SYRUP","Whole Milk, Espresso, French Vanilla Syrup"
Latte with Sugar Free French Vanilla Syrup (Small),"WHOLE MILK, ESPRESSO, SUGAR FREE FRENCH VANILLA SYRUP","Whole Milk, Espresso, Sugar Free French Vanilla Syrup"
Latte with Sugar Free French Vanilla Syrup (Medium),"WHOLE MILK, ESPRESSO, SUGAR FREE FRENCH VANILLA SYRUP","Whole Milk, Espresso, Sugar Free French Vanilla Syrup"
Latte with Sugar Free French Vanilla Syrup (Large),"WHOLE MILK, ESPRESSO, SUGAR FREE FRENCH VANILLA SYRUP","Whole Milk, Espresso, Sugar Free French Vanilla Syrup"
Nonfat Latte (Small),"NONFAT MILK, ESPRESSO","Nonfat Milk, Espresso"
Nonfat Latte (Medium),"NONFAT MILK, ESPRESSO","Nonfat Milk, Espresso"
Nonfat Latte (Large),"NONFAT MILK, ESPRESSO","Nonfat Milk, Espresso"
Nonfat Caramel Latte (Small),"NONFAT MILK, ESPRESSO, CARAMEL SYRUP","Nonfat Milk, Espresso, Caramel Syrup"
Nonfat Caramel Latte (Medium),"NONFAT MILK, ESPRESSO, CARAMEL SYRUP","Nonfat Milk, Espresso, Caramel Syrup"
Nonfat Caramel Latte (Large),"NONFAT MILK, ESPRESSO, CARAMEL SYRUP","Nonfat Milk, Espresso, Caramel Syrup"
Nonfat Hazelnut Latte (Small),"NONFAT MILK, ESPRESSO, HAZELNUT SYRUP","Nonfat Milk, Espresso, Hazelnut Syrup"
Nonfat Hazelnut Latte (Medium),"NONFAT MILK, ESPRESSO, HAZELNUT SYRUP","Nonfat Milk, Espresso, Hazelnut Syrup"
Nonfat Hazelnut Latte (Large),"NONFAT MILK, ESPRESSO, HAZELNUT SYRUP","Nonfat Milk, Espresso, Hazelnut Syrup"
Nonfat French Vanilla Latte (Small),"NONFAT MILK, ESPRESSO, FRENCH VANILLA SYRUP","Nonfat Milk, Espresso, French Vanilla Syrup"
Nonfat French Vanilla Latte (Medium),"NONFAT MILK, ESPRESSO, FRENCH VANILLA SYRUP","Nonfat Milk, Espresso, French Vanilla Syrup"
Nonfat French Vanilla Latte (Large),"NONFAT MILK, ESPRESSO, FRENCH VANILLA SYRUP","Nonfat Milk, Espresso, French Vanilla Syrup"
Nonfat Latte with Sugar Free French Vanilla Syrup (Small),"NONFAT MILK, ESPRESSO, SUGAR FREE FRENCH VANILLA SYRUP","Nonfat Milk, Espresso, Sugar Free French Vanilla Syrup"
Nonfat Latte with Sugar Free French Vanilla Syrup (Medium),"NONFAT MILK, ESPRESSO, SUGAR FREE FRENCH VANILLA SYRUP","Nonfat Milk, Espresso, Sugar Free French Vanilla Syrup"
Nonfat Latte with Sugar Free French Vanilla Syrup (Large),"NONFAT MILK, ESPRESSO, SUGAR FREE FRENCH VANILLA SYRUP","Nonfat Milk, Espresso, Sugar Free French Vanilla Syrup"
Mocha (Small),"WHOLE MILK, ESPRESSO, CHOCOLATE SYRUP, WHIPPED CREAM, CHOCOLATE DRIZZLE","Whole Milk, Espresso, Chocolate Syrup, Whipped Cream, Chocolate Drizzle"
Mocha (Medium),"WHOLE MILK, ESPRESSO, CHOCOLATE SYRUP, WHIPPED CREAM, CHOCOLATE DRIZZLE","Whole Milk, Espresso, Chocolate Syrup, Whipped Cream, Chocolate Drizzle"
Mocha (Large),"WHOLE MILK, ESPRESSO, CHOCOLATE SYRUP, WHIPPED CREAM, CHOCOLATE DRIZZLE","Whole Milk, Espresso, Chocolate Syrup, Whipped Cream, Chocolate Drizzle"
Mocha with Nonfat Milk (Small),"NONFAT MILK, ESPRESSO, CHOCOLATE SYRUP, WHIPPED CREAM, CHOCOLATE DRIZZLE","Nonfat Milk, Espresso, Chocolate Syrup, Whipped Cream, Chocolate Drizzle"
Mocha with Nonfat Milk (Medium),"NONFAT MILK, ESPRESSO, CHOCOLATE SYRUP, WHIPPED CREAM, CHOCOLATE DRIZZLE","Nonfat Milk, Espresso, Chocolate Syrup, Whipped Cream, Chocolate Drizzle"
Mocha with Nonfat Milk (Large),"NONFAT MILK, ESPRESSO, CHOCOLATE SYRUP, WHIPPED CREAM, CHOCOLATE DRIZZLE","Nonfat Milk, Espresso, Chocolate Syrup, Whipped Cream, Chocolate Drizzle"
Caramel Mocha (Small),"WHOLE MILK, ESPRESSO, CHOCOLATE CARAMEL SYRUP, WHIPPED CREAM, CARAMEL DRIZZLE","Whole Milk, Espresso, Chocolate Caramel Syrup, Whipped Cream, Caramel Drizzle"
Caramel Mocha (Medium),"WHOLE MILK, ESPRESSO, CHOCOLATE CARAMEL SYRUP, WHIPPED CREAM, CARAMEL DRIZZLE","Whole Milk, Espresso, Chocolate Caramel Syrup, Whipped Cream, Caramel Drizzle"
Caramel Mocha (Large),"WHOLE MILK, ESPRESSO, CHOCOLATE CARAMEL SYRUP, WHIPPED CREAM, CARAMEL DRIZZLE","Whole Milk, Espresso, Chocolate Caramel Syrup, Whipped Cream, Caramel Drizzle"
Nonfat Caramel Mocha (Small),"NONFAT MILK, ESPRESSO, CHOCOLATE CARAMEL SYRUP, WHIPPED CREAM, CARAMEL DRIZZLE","Nonfat Milk, Espresso, Chocolate Caramel Syrup, Whipped Cream, Caramel Drizzle"
Nonfat Caramel Mocha (Medium),"NONFAT MILK, ESPRESSO, CHOCOLATE CARAMEL SYRUP, WHIPPED CREAM, CARAMEL DRIZZLE","Nonfat Milk, Espresso, Chocolate Caramel Syrup, Whipped Cream, Caramel Drizzle"
Nonfat Caramel Mocha (Large),"NONFAT MILK, ESPRESSO, CHOCOLATE CARAMEL SYRUP, WHIPPED CREAM, CARAMEL DRIZZLE","Nonfat Milk, Espresso, Chocolate Caramel Syrup, Whipped Cream, Caramel Drizzle"
Hot Chocolate (Small),"WHOLE MILK, CHOCOLATE SYRUP, WHIPPED CREAM, CHOCOLATE DRIZZLE","Whole Milk, Chocolate Syrup, Whipped Cream, Chocolate Drizzle"
Hot Chocolate (Medium),"WHOLE MILK, CHOCOLATE SYRUP, WHIPPED CREAM, CHOCOLATE DRIZZLE","Whole Milk, Chocolate Syrup, Whipped Cream, Chocolate Drizzle"
Hot Chocolate (Large),"WHOLE MILK, CHOCOLATE SYRUP, WHIPPED CREAM, CHOCOLATE DRIZZLE","Whole Milk, Chocolate Syrup, Whipped Cream, Chocolate Drizzle"
Hot Chocolate with Nonfat Milk (Small),"NONFAT MILK, CHOCOLATE SYRUP, WHIPPED CREAM, CHOCOLATE DRIZZLE","Nonfat Milk, Chocolate Syrup, Whipped Cream, Chocolate Drizzle"
Hot Chocolate with Nonfat Milk (Medium),"NONFAT MILK, CHOCOLATE SYRUP, WHIPPED CREAM, CHOCOLATE DRIZZLE","Nonfat Milk, Chocolate Syrup, Whipped Cream, Chocolate Drizzle"
Hot Chocolate with Nonfat Milk (Large),"NONFAT MILK, CHOCOLATE SYRUP, WHIPPED CREAM, CHOCOLATE DRIZZLE","Nonfat Milk, Chocolate Syrup, Whipped Cream, Chocolate Drizzle"
Regular Iced Coffee (Small),"ICE, PREMIUM ROAST COFFEE, LIQUID SUGAR, LIGHT CREAM","Ice, Premium Roast Coffee, Liquid Sugar, Light Cream"
Regular Iced Coffee (Medium),"ICE, PREMIUM ROAST COFFEE, LIQUID SUGAR, LIGHT CREAM","Ice, Premium Roast Coffee, Liquid Sugar, Light Cream"
Regular Iced Coffee (Large),"ICE, PREMIUM ROAST COFFEE, LIQUID SUGAR, LIGHT CREAM","Ice, Premium Roast Coffee, Liquid Sugar, Light Cream"
Caramel Iced Coffee (Small),"ICE, PREMIUM ROAST COFFEE, CARAMEL SYRUP, LIGHT CREAM","Ice, Premium Roast Coffee, Caramel Syrup, Light Cream"
Caramel Iced Coffee (Medium),"ICE, PREMIUM ROAST COFFEE, CARAMEL SYRUP, LIGHT CREAM","Ice, Premium Roast Coffee, Caramel Syrup, Light Cream"
Caramel Iced Coffee (Large),"ICE, PREMIUM ROAST COFFEE, CARAMEL SYRUP, LIGHT CREAM","Ice, Premium Roast Coffee, Caramel Syrup, Light Cream"
Hazelnut Iced Coffee (Small),"ICE, PREMIUM ROAST COFFEE, HAZELNUT SYRUP, LIGHT CREAM","Ice, Premium Roast Coffee, Hazelnut Syrup, Light Cream"
Hazelnut Iced Coffee (Medium),"ICE, PREMIUM ROAST COFFEE, HAZELNUT SYRUP, LIGHT CREAM","Ice, Premium Roast Coffee, Hazelnut Syrup, Light Cream"
Hazelnut Iced Coffee (Large),"ICE, PREMIUM ROAST COFFEE, HAZELNUT SYRUP, LIGHT CREAM","Ice, Premium Roast Coffee, Hazelnut Syrup, Light Cream"
French Vanilla Iced Coffee (Small),"ICE, PREMIUM ROAST COFFEE, FRENCH VANILLA SYRUP, LIGHT CREAM","Ice, Premium Roast Coffee, French Vanilla Syrup, Light Cream"
French Vanilla Iced Coffee (Medium),"ICE, PREMIUM ROAST COFFEE, FRENCH VANILLA SYRUP, LIGHT CREAM","Ice, Premium Roast Coffee, French Vanilla Syrup, Light Cream"
French Vanilla Iced Coffee (Large),"ICE, PREMIUM ROAST COFFEE, FRENCH VANILLA SYRUP, LIGHT CREAM","Ice, Premium Roast Coffee, French Vanilla Syrup, Light Cream"
Iced Coffee with Sugar Free French Vanilla Syrup (Small),"ICE, PREMIUM ROAST COFFEE, SUGAR FREE FRENCH VANILLA SYRUP, LIGHT CREAM","Ice, Premium Roast Coffee, Sugar Free French Vanilla Syrup, Light Cream"
Iced Coffee with Sugar Free French Vanilla Syrup (Medium),"ICE, PREMIUM ROAST COFFEE, SUGAR FREE FRENCH VANILLA SYRUP, LIGHT CREAM","Ice, Premium Roast Coffee, Sugar Free French Vanilla Syrup, Light Cream"
Iced Coffee with Sugar Free French Vanilla Syrup (Large),"ICE, PREMIUM ROAST COFFEE, SUGAR FREE FRENCH VANILLA SYRUP, LIGHT CREAM","Ice, Premium Roast Coffee, Sugar Free French Vanilla Syrup, Light Cream"
Iced Mocha (Small),"WHOLE MILK, ICE, ESPRESSO, CHOCOLATE SYRUP, WHIPPED CREAM, CHOCOLATE DRIZZLE","Whole Milk, Ice, Espresso, Chocolate Syrup, Whipped Cream, Chocolate Drizzle"
Iced Mocha (Medium),"WHOLE MILK, ICE, ESPRESSO, CHOCOLATE SYRUP, WHIPPED CREAM, CHOCOLATE DRIZZLE","Whole Milk, Ice, Espresso, Chocolate Syrup, Whipped Cream, Chocolate Drizzle"
Iced Mocha (Large),"WHOLE MILK, ICE, ESPRESSO, CHOCOLATE SYRUP, WHIPPED CREAM, CHOCOLATE DRIZZLE","Whole Milk, Ice, Espresso, Chocolate Syrup, Whipped Cream, Chocolate Drizzle"
Iced Mocha with Nonfat Milk (Small),"NONFAT MILK, ICE, ESPRESSO, CHOCOLATE SYRUP, WHIPPED CREAM, CHOCOLATE DRIZZLE","Nonfat Milk, Ice, Espresso, Chocolate Syrup, Whipped Cream, Chocolate Drizzle"
Iced Mocha with Nonfat Milk (Medium),"NONFAT MILK, ICE, ESPRESSO, CHOCOLATE SYRUP, WHIPPED CREAM, CHOCOLATE DRIZZLE","Nonfat Milk, Ice, Espresso, Chocolate Syrup, Whipped Cream, Chocolate Drizzle"
Iced Mocha with Nonfat Milk (Large),"NONFAT MILK, ICE, ESPRESSO, CHOCOLATE SYRUP, WHIPPED CREAM, CHOCOLATE DRIZZLE","Nonfat Milk, Ice, Espresso, Chocolate Syrup, Whipped Cream, Chocolate Drizzle"
Iced Caramel Mocha (Small),"WHOLE MILK, ICE, ESPRESSO, CHOCOLATE CARAMEL SYRUP, CARAMEL DRIZZLE, WHIPPED CREAM","Whole Milk, Ice, Espresso, Chocolate Caramel Syrup, Caramel Drizzle, Whipped Cream"
Iced Caramel Mocha (Medium),"WHOLE MILK, ICE, ESPRESSO, CHOCOLATE CARAMEL SYRUP, CARAMEL DRIZZLE, WHIPPED CREAM","Whole Milk, Ice, Espresso, Chocolate Caramel Syrup, Caramel Drizzle, Whipped Cream"
Iced Caramel Mocha (Large),"WHOLE MILK, ICE, ESPRESSO, CHOCOLATE CARAMEL SYRUP, CARAMEL DRIZZLE, WHIPPED CREAM","Whole Milk, Ice, Espresso, Chocolate Caramel Syrup, Caramel Drizzle, Whipped Cream"
Iced Nonfat Caramel Mocha (Small),"NONFAT MILK, ICE, ESPRESSO, CHOCOLATE CARAMEL SYRUP, WHIPPED CREAM, CARAMEL DRIZZLE","Nonfat Milk, Ice, Espresso, Chocolate Caramel Syrup, Whipped Cream, Caramel Drizzle"
Iced Nonfat Caramel Mocha (Medium),"NONFAT MILK, ICE, ESPRESSO, CHOCOLATE CARAMEL SYRUP, WHIPPED CREAM, CARAMEL DRIZZLE","Nonfat Milk, Ice, Espresso, Chocolate Caramel Syrup, Whipped Cream, Caramel Drizzle"
Iced Nonfat Caramel Mocha (Large),"NONFAT MILK, ICE, ESPRESSO, CHOCOLATE CARAMEL SYRUP, WHIPPED CREAM, CARAMEL DRIZZLE","Nonfat Milk, Ice, Espresso, Chocolate Caramel Syrup, Whipped Cream, Caramel Drizzle"
Frapp Mocha (Small),"MOCHA COFFEE FRAPPE BASE, ICE, WHIPPED CREAM, CHOCOLATE DRIZZLE","Mocha Coffee Frappe Base, Ice, Whipped Cream, Chocolate Drizzle"
Frapp Mocha (Medium),"MOCHA COFFEE FRAPPE BASE, ICE, WHIPPED CREAM, CHOCOLATE DRIZZLE","Mocha Coffee Frappe Base, Ice, Whipped Cream, Chocolate Drizzle"
Frapp Mocha (Large),"MOCHA COFFEE FRAPPE BASE, ICE, WHIPPED CREAM, CHOCOLATE DRIZZLE","Mocha Coffee Frappe Base, Ice, Whipped Cream, Chocolate Drizzle"
Frapp Caramel (Small),"CARAMEL COFFEE FRAPPE BASE, ICE, WHIPPED CREAM, CARAMEL DRIZZLE","Caramel Coffee Frappe Base, Ice, Whipped Cream, Caramel Drizzle"
Frapp Caramel (Medium),"CARAMEL COFFEE FRAPPE BASE, ICE, WHIPPED CREAM, CARAMEL DRIZZLE","Caramel Coffee Frappe Base, Ice, Whipped Cream, Caramel Drizzle"
Frapp Caramel (Large),"CARAMEL COFFEE FRAPPE BASE, ICE, WHIPPED CREAM, CARAMEL DRIZZLE","Caramel Coffee Frappe Base, Ice, Whipped Cream, Caramel Drizzle"
Frapp Chocolate Chip (Small),"ICE, CARAMEL COFFEE FRAPPE BASE, MOCHA COFFEE FRAPPE BASE, WHIPPED CREAM, CHOCOLATE CHIPS, CARAMEL DRIZZLE, CHOCOLATE DRIZZLE","Ice, Caramel Coffee Frappe Base, Mocha Coffee Frappe Base, Whipped Cream, Chocolate Chips, Caramel Drizzle, Chocolate Drizzle"
Frapp Chocolate Chip (Medium),"ICE, CARAMEL COFFEE FRAPPE BASE, MOCHA COFFEE FRAPPE BASE, WHIPPED CREAM, CHOCOLATE CHIPS, CARAMEL DRIZZLE, CHOCOLATE DRIZZLE","Ice, Caramel Coffee Frappe Base, Mocha Coffee Frappe Base, Whipped Cream, Chocolate Chips, Caramel Drizzle, Chocolate Drizzle"
Frapp Chocolate Chip (Large),"ICE, CARAMEL COFFEE FRAPPE BASE, MOCHA COFFEE FRAPPE BASE, WHIPPED CREAM, CHOCOLATE CHIPS, CARAMEL DRIZZLE, CHOCOLATE DRIZZLE","Ice, Caramel Coffee Frappe Base, Mocha Coffee Frappe Base, Whipped Cream, Chocolate Chips, Caramel Drizzle, Chocolate Drizzle"
Blueberry Pomegranate Smoothie (Small),"BLUEBERRY POMEGRANATE SMOOTHIE BASE, ICE, LOWFAT SMOOTHIE YOGURT","Blueberry Pomegranate Smoothie Base, Ice, Lowfat Smoothie Yogurt"
Blueberry Pomegranate Smoothie (Medium),"BLUEBERRY POMEGRANATE SMOOTHIE BASE, ICE, LOWFAT SMOOTHIE YOGURT","Blueberry Pomegranate Smoothie Base, Ice, Lowfat Smoothie Yogurt"
Blueberry Pomegranate Smoothie (Large),"BLUEBERRY POMEGRANATE SMOOTHIE BASE, ICE, LOWFAT SMOOTHIE YOGURT","Blueberry Pomegranate Smoothie Base, Ice, Lowfat Smoothie Yogurt"
Strawberry Banana Smoothie (Small),"STRAWBERRY BANANA FRUIT BASE, LOWFAT SMOOTHIE YOGURT, ICE","Strawberry Banana Fruit Base, Lowfat Smoothie Yogurt, Ice"
Strawberry Banana Smoothie (Medium),"STRAWBERRY BANANA FRUIT BASE, LOWFAT SMOOTHIE YOGURT, ICE","Strawberry Banana Fruit Base, Lowfat Smoothie Yogurt, Ice"
Strawberry Banana Smoothie (Large),"STRAWBERRY BANANA FRUIT BASE, LOWFAT SMOOTHIE YOGURT, ICE","Strawberry Banana Fruit Base, Lowfat Smoothie Yogurt, Ice"
Mango Pineapple Smoothie (Small),"MANGO PINEAPPLE FRUIT BASE, ICE, LOWFAT SMOOTHIE YOGURT","Mango Pineapple Fruit Base, Ice, Lowfat Smoothie Yogurt"
Mango Pineapple Smoothie (Medium),"MANGO PINEAPPLE FRUIT BASE, ICE, LOWFAT SMOOTHIE YOGURT","Mango Pineapple Fruit Base, Ice, Lowfat Smoothie Yogurt"
Mango Pineapple Smoothie (Large),"MANGO PINEAPPLE FRUIT BASE, ICE, LOWFAT SMOOTHIE YOGURT","Mango Pineapple Fruit Base, Ice, Lowfat Smoothie Yogurt"
Vanilla Shake (Small),"VANILLA REDUCED FAT ICE CREAM, VANILLA SHAKE SYRUP, WHIPPED CREAM, MARASCHINO CHERRY","Vanilla Reduced Fat Ice Cream, Vanilla Shake Syrup, Whipped Cream, Maraschino Cherry"
Vanilla Shake (Medium),"VANILLA REDUCED FAT ICE CREAM, VANILLA SHAKE SYRUP, WHIPPED CREAM, MARASCHINO CHERRY","Vanilla Reduced Fat Ice Cream, Vanilla Shake Syrup, Whipped Cream, Maraschino Cherry"
Vanilla Shake (Large),"VANILLA REDUCED FAT ICE CREAM, VANILLA SHAKE SYRUP, WHIPPED CREAM, MARASCHINO CHERRY","Vanilla Reduced Fat Ice Cream, Vanilla Shake Syrup, Whipped Cream, Maraschino Cherry"
Strawberry Shake (Small),"VANILLA REDUCED FAT ICE CREAM, STRAWBERRY SHAKE SYRUP, WHIPPED CREAM, MARASCHINO CHERRY","Vanilla Reduced Fat Ice Cream, Strawberry Shake Syrup, Whipped Cream, Maraschino Cherry"
Strawberry Shake (Medium),"VANILLA REDUCED FAT ICE CREAM, STRAWBERRY SHAKE SYRUP, WHIPPED CREAM, MARASCHINO CHERRY","Vanilla Reduced Fat Ice Cream, Strawberry Shake Syrup, Whipped Cream, Maraschino Cherry"
Strawberry Shake (Large),"VANILLA REDUCED FAT ICE CREAM, STRAWBERRY SHAKE SYRUP, WHIPPED CREAM, MARASCHINO CHERRY","Vanilla Reduced Fat Ice Cream, Strawberry Shake Syrup, Whipped Cream, Maraschino Cherry"
Chocolate Shake (Small),"VANILLA REDUCED FAT ICE CREAM, CHOCOLATE SHAKE SYRUP, WHIPPED CREAM, MARASCHINO CHERRY","Vanilla Reduced Fat Ice Cream, Chocolate Shake Syrup, Whipped Cream, Maraschino Cherry"
Chocolate Shake (Medium),"VANILLA REDUCED FAT ICE CREAM, CHOCOLATE SHAKE SYRUP, WHIPPED CREAM, MARASCHINO CHERRY","Vanilla Reduced Fat Ice Cream, Chocolate Shake Syrup, Whipped Cream, Maraschino Cherry"
Chocolate Shake (Large),"VANILLA REDUCED FAT ICE CREAM, CHOCOLATE SHAKE SYRUP, WHIPPED CREAM, MARASCHINO CHERRY","Vanilla Reduced Fat Ice Cream, Chocolate Shake Syrup, Whipped Cream, Maraschino Cherry"
McFlurry with M&Ms Candies (Small),"VANILLA REDUCED FAT ICE CREAM, M&M MINI MILK CHOCOLATE CANDIES","Vanilla Reduced Fat Ice Cream, M&M Mini Milk Chocolate Candies"
McFlurry with M&Ms Candies (Medium),"VANILLA REDUCED FAT ICE CREAM, M&M MINI MILK CHOCOLATE CANDIES","Vanilla Reduced Fat Ice Cream, M&M Mini Milk Chocolate Candies"
McFlurry with M&Ms Candies (Snack),"VANILLA REDUCED FAT ICE CREAM, M&M MINI MILK CHOCOLATE CANDIES","Vanilla Reduced Fat Ice Cream, M&M Mini Milk Chocolate Candies"
McFlurry with Oreo Cookies (Small),"VANILLA REDUCED FAT ICE CREAM, OREO COOKIE PIECES","Vanilla Reduced Fat Ice Cream, Oreo Cookie Pieces"
McFlurry with Oreo Cookies (Medium),"VANILLA REDUCED FAT ICE CREAM, OREO COOKIE PIECES","Vanilla Reduced Fat Ice Cream, Oreo Cookie Pieces"
McFlurry with Oreo Cookies (Snack),"VANILLA REDUCED FAT ICE CREAM, OREO COOKIE PIECES","Vanilla Reduced Fat Ice Cream, Oreo Cookie Pieces"
McFlurry with Reese's Peanut Butter Cups (Medium),"VANILLA REDUCED FAT ICE CREAM, REESE'S PEANUT BUTTER CUP CANDY PIECES","Vanilla Reduced Fat Ice Cream, Reese'S Peanut Butter Cup Candy Pieces"
McFlurry with Reese's Peanut Butter Cups (Snack),"VANILLA REDUCED FAT ICE CREAM, REESE'S PEANUT BUTTER CUP CANDY PIECES","Vanilla Reduced Fat Ice Cream, Reese'S Peanut Butter Cup Candy Pieces"